Date,Type,Actual,Lasso + Linear_Prediction,All Linear Models_Prediction,Linear + Random Forest_Prediction,All Tree Models_Prediction,All Models_Prediction
2003-01-01,Train,5.14183689245059,5.059270473108283,5.08587049990194,5.125098388868066,5.129692084451986,5.107781292176964
2003-02-01,Train,5.12577420218942,5.046687575969074,5.0726078479817325,5.1213743018365046,5.122369997198731,5.097488922590231
2003-03-01,Train,5.10759136403637,5.0309461937841204,5.055448726865262,5.100748806415718,5.102394393788461,5.078921560326862
2003-04-01,Train,5.08060016129231,5.010599258516171,5.036935032087358,5.077681572971635,5.079086596080461,5.058010814083909
2003-05-01,Train,5.05164144313482,4.984070907086769,5.0089366368515735,5.046648361476429,5.047843498067338,5.028390067459456
2003-06-01,Train,5.01714441204678,4.9556995237814,4.9760160769389765,5.012920095010493,5.0142792072454325,4.9951476420922045
2003-07-01,Train,4.97686652825667,4.921454906426469,4.9393703845779955,4.978871141780317,4.979478776456889,4.959424580517442
2003-08-01,Train,4.93463088829286,4.884052137877504,4.901551728887477,4.931989065616783,4.931912881444593,4.916732305166035
2003-09-01,Train,4.88520194332315,4.842199292317668,4.85691604662247,4.885961502468939,4.886389261063548,4.871652653843008
2003-10-01,Train,4.83604888360406,4.7979652137184186,4.809934214308016,4.841108900680917,4.837957612596873,4.8239459134524445
2003-11-01,Train,4.78266984494387,4.750578133247322,4.757358716435104,4.797637282167483,4.794076411171612,4.775717563803358
2003-12-01,Train,4.73001401136385,4.702798476732694,4.711510650582402,4.737251066298697,4.735145118504429,4.723327884543415
2004-01-01,Train,4.68015646429206,4.656280101418734,4.663320296224458,4.683436307199148,4.682520564331855,4.672920430278157
2004-02-01,Train,4.62963397588071,4.611123726872762,4.61701723978227,4.633840158792377,4.634117991771057,4.625567615776664
2004-03-01,Train,4.58695108754979,4.568674086590727,4.574091971467872,4.601523598871773,4.5957718771764675,4.584931924322169
2004-04-01,Train,4.54258462386595,4.5294797702879706,4.531171931597515,4.536918868142215,4.538259191220469,4.534715561408992
2004-05-01,Train,4.50226173520112,4.491327249651894,4.496230574143013,4.498736178460481,4.498871907709095,4.497551240926054
2004-06-01,Train,4.46458938953577,4.456270910271751,4.461538641027254,4.471275700443332,4.470741289878776,4.4661399654530145
2004-07-01,Train,4.42586833764092,4.422005629716258,4.42379751387788,4.425112080732671,4.424105611998966,4.423951562938423
2004-08-01,Train,4.39360323917467,4.389753234506761,4.3947683511645845,4.394632477224995,4.394554807557078,4.3946615793608315
2004-09-01,Train,4.36003579997325,4.359295147304543,4.361522398286286,4.368305092430834,4.364398358091199,4.362960378188742
2004-10-01,Train,4.33001252596023,4.330848784649111,4.33161886886497,4.334202790649701,4.333173693952112,4.332396281408541
2004-11-01,Train,4.30033824076459,4.304126811864714,4.304389484890511,4.305946976923558,4.30577830402287,4.305083894456691
2004-12-01,Train,4.26953867642261,4.2766285100968515,4.271295361955491,4.270492698427134,4.269109503911473,4.270202432933481
2005-01-01,Train,4.24370197939283,4.250999419387513,4.246308447504432,4.245303256329075,4.243799970648166,4.2450542090763
2005-02-01,Train,4.217211452922,4.226794325506012,4.22480069680596,4.221009825575306,4.218999894354291,4.221900295580125
2005-03-01,Train,4.19699794411227,4.206330950725471,4.20063971666695,4.201455257336843,4.20013363838072,4.200386677523835
2005-04-01,Train,4.17860105360625,4.189013698322417,4.183396282774011,4.187659065598118,4.185797855318972,4.184597069046492
2005-05-01,Train,4.16054369157522,4.172661881233733,4.166729623450818,4.163671473772748,4.161954313284498,4.1643419683676575
2005-06-01,Train,4.14323304801591,4.156963360554788,4.150870620243666,4.146332804281681,4.145618775689436,4.14824469796655
2005-07-01,Train,4.12085340991373,4.138295484666684,4.131694162556202,4.129828983248704,4.126533856755656,4.129114009655929
2005-08-01,Train,4.09788014068187,4.11766094168598,4.1140285789509825,4.107227120700001,4.10397298754244,4.109000783246711
2005-09-01,Train,4.0709320607648,4.094946653132867,4.085706320863031,4.0826988940411315,4.080761536454561,4.083233928658796
2005-10-01,Train,4.04507155829878,4.070460155462359,4.062276561607401,4.047264073785334,4.045930420904291,4.054103491255845
2005-11-01,Train,4.01871112688384,4.047083180564193,4.039682897153806,4.0174137575356905,4.0175028827288966,4.0285928899413515
2005-12-01,Train,3.99271926079001,4.02372046015401,4.0142837280303105,3.995035762818978,3.995406977858481,4.004845352944396
2006-01-01,Train,3.97091736251003,4.002314188786399,3.993585404999236,3.971712055030272,3.969539773430879,3.9815625892150575
2006-02-01,Train,3.9493697110308,3.982654595655153,3.9720439599723925,3.951875726161756,3.9511971945749114,3.9616205772736524
2006-03-01,Train,3.93424809496869,3.9662987454013945,3.9573557878682473,3.934772941974442,3.933007757628365,3.945181772748306
2006-04-01,Train,3.92231421526307,3.9538349359335814,3.940235101030505,3.923618459774931,3.924094475604479,3.932164788317492
2006-05-01,Train,3.9143105984524,3.945451290284128,3.9353035469612103,3.916135109387139,3.915224058307299,3.925263802634255
2006-06-01,Train,3.90956947719325,3.9396540265992446,3.928693253473186,3.910584176756604,3.9107147299706635,3.9197039917219243
2006-07-01,Train,3.90515630846171,3.9351553898979654,3.9243284180107096,3.9060201736082814,3.9059746347660114,3.9151515263883603
2006-08-01,Train,3.90331132773196,3.9332052647995637,3.9254399899828702,3.9038828300399206,3.9038460808146955,3.914643035398783
2006-09-01,Train,3.90064880751865,3.930652803484229,3.925516785978567,3.9012742811295658,3.901869921554505,3.913693353766536
2006-10-01,Train,3.89991735678913,3.9291332516805166,3.91973046416163,3.900436350941384,3.901402366706593,3.9105664154341113
2006-11-01,Train,3.89979157438469,3.92858336755487,3.9188080473206184,3.9000026467641895,3.9013768260600976,3.9100924366903578
2006-12-01,Train,3.89906708323026,3.928629493887761,3.921130102519467,3.899694127420222,3.8998620201737673,3.9104960613466173
2007-01-01,Train,3.90009518964265,3.9285095932645167,3.919905875804192,3.9003190591407764,3.9002233524035828,3.9100646141038875
2007-02-01,Train,3.90042309251543,3.9289376635289743,3.9188224118673656,3.9006933787201135,3.901668246937257,3.910245329402311
2007-03-01,Train,3.9024064305145,3.9300974966206885,3.9231012510474343,3.9030256022844467,3.9035116046295273,3.913306427838481
2007-04-01,Train,3.90496535495094,3.932756548923379,3.925442830176967,3.9055107071109805,3.905540606402031,3.915491718289499
2007-05-01,Train,3.90760951551368,3.9349123096196905,3.9240300058068196,3.907811935138923,3.9066764500024296,3.9153532279046246
2007-06-01,Train,3.91114317668504,3.9375157273673214,3.9268065001069385,3.910292803236014,3.9097767055089534,3.9182916028079458
2007-07-01,Train,3.91333880616923,3.940120649310297,3.930096948362134,3.9129325441896987,3.9132240861230803,3.921660517242607
2007-08-01,Train,3.91563783400332,3.94227038227363,3.9313272815439966,3.915295253041159,3.9152463112758915,3.9232867964099434
2007-09-01,Train,3.91617993956621,3.943188029532676,3.9307629977405,3.9153180484084324,3.91599909284171,3.923381045291105
2007-10-01,Train,3.91494599555178,3.943849992850274,3.9320275699237635,3.916469376841241,3.9155302807303163,3.9237789253270403
2007-11-01,Train,3.91336105875832,3.94167109723055,3.9341123007778047,3.9133115616490866,3.913810127707769,3.923961214242786
2007-12-01,Train,3.91246286399475,3.940376692540943,3.9312097979601384,3.91361126096362,3.913882217226197,3.9225460075931675
2008-01-01,Train,3.91276622647215,3.9401345342099496,3.9316034949639533,3.912444503032837,3.9127158098511017,3.9221596524075273
2008-02-01,Train,3.91958447125497,3.944691583094177,3.9425510894333518,3.9227842500991317,3.9226181396723945,3.932584614552873
2008-03-01,Train,3.93253579614833,3.953115724656583,3.951761746267446,3.9340913804604956,3.9338697430001575,3.9428157446338017
2008-04-01,Train,3.96243202900522,3.9734243238971203,3.9764396239153252,3.9533529367372204,3.956337135409292,3.9663883796623085
2008-05-01,Train,4.00941199915388,4.0090594694639865,4.014198938269211,3.996880784701225,4.00105910880948,4.007629023539345
2008-06-01,Train,4.082705356851,4.064889781608578,4.070341291983799,4.064543698976649,4.069968654241992,4.070154973112895
2008-07-01,Train,4.18660075746957,4.145514072082756,4.151600281383325,4.15664681300299,4.166624790833215,4.15911253610827
2008-08-01,Train,4.31173261652376,4.252221779401867,4.270038174653915,4.277488155833361,4.287919356448389,4.278978765551152
2008-09-01,Train,4.47052214906229,4.381124370601309,4.401462187844221,4.433716433536711,4.444868389660104,4.423165288752163
2008-10-01,Train,4.63581266900277,4.528844816244099,4.558913417692651,4.588566062066361,4.603758613536283,4.581336015614466
2008-11-01,Train,4.81928670102025,4.687818324426738,4.729166297344634,4.774452240605627,4.789279276974002,4.759222787159318
2008-12-01,Train,5.00323770082916,4.854239523288876,4.90389337806872,4.959092441164022,4.973771613764289,4.938832495916505
2009-01-01,Train,5.18101928230427,5.018106237722307,5.07265309978796,5.151136111861051,5.161141184309252,5.1168971420486065
2009-02-01,Train,5.35771284781976,5.178370203544807,5.23523655866646,5.349517238977807,5.352709741945811,5.293973150306136
2009-03-01,Train,5.50800364061915,5.325797863263675,5.386869941484441,5.496361773871249,5.49955097869769,5.443210460091064
2009-04-01,Train,5.64424909455467,5.454662434311006,5.516625761780504,5.603903455570187,5.617544912221892,5.567085337001198
2009-05-01,Train,5.74611829124121,5.561199974446506,5.6256501469784235,5.712850458276044,5.724307299648314,5.674978723313369
2009-06-01,Train,5.81837516495622,5.638320292828681,5.698531552531944,5.786547743402698,5.797234332871187,5.747882942701565
2009-07-01,Train,5.86243282862441,5.690444346454353,5.7513527628946655,5.840693344503831,5.847240208659767,5.799296485777217
2009-08-01,Train,5.87766705233473,5.714702957420235,5.771458031137537,5.86033945060944,5.865483295106322,5.8184706631219285
2009-09-01,Train,5.87583369292798,5.7213659000820964,5.773836890316748,5.863036709481527,5.866048794857165,5.819942842586957
2009-10-01,Train,5.85296858017553,5.709033175352834,5.7575029215855595,5.843284774864529,5.845915427699022,5.801709174642291
2009-11-01,Train,5.81429295716623,5.6801538730137,5.720785501033109,5.80668081614879,5.809267172527154,5.7650263367801315
2009-12-01,Train,5.76093165107093,5.637300305038388,5.674306431287847,5.75446135995889,5.757371209031181,5.715838820159514
2010-01-01,Train,5.69117089540503,5.580510479544689,5.616898926123848,5.689260227141627,5.690474470836212,5.65368669848003
2010-02-01,Train,5.61406226555025,5.514807233131408,5.547543445143963,5.604791159339462,5.606838645276081,5.5771910452100215
2010-03-01,Train,5.52712124943699,5.43870539111977,5.470700922488272,5.51555240867031,5.519923106218566,5.495312014353419
2010-04-01,Train,5.43706219307931,5.3591608775685655,5.380760420266326,5.452272651230462,5.446516744421056,5.413638582343691
2010-05-01,Train,5.34465228317504,5.2767893910144625,5.294216068001584,5.367627924727708,5.35967022860218,5.326943148301883
2010-06-01,Train,5.24959041559936,5.190734499908694,5.209094312057453,5.276476266596165,5.2666931839243345,5.237893747990894
2010-07-01,Train,5.15857356762499,5.106584579952511,5.121059333900777,5.146548278596952,5.14989755864951,5.135478446275144
2010-08-01,Train,5.06559360779947,5.023527065532527,5.0406151126602445,5.0653420403577005,5.066840298318373,5.053727705489309
2010-09-01,Train,4.97983136914053,4.942632127857497,4.958376010629504,4.985812717518458,4.983253783251638,4.970814896940571
2010-10-01,Train,4.89681608740878,4.866137630727954,4.876800487256234,4.919817077495022,4.911632129769713,4.894216308512973
2010-11-01,Train,4.817568135076,4.793169388430515,4.80178983981607,4.838224769598114,4.832044404429461,4.816917122122766
2010-12-01,Train,4.74615421612391,4.725228725620639,4.7335352993144015,4.75450895794239,4.750937897784003,4.742236598549202
2011-01-01,Train,4.67487472461077,4.660187698326418,4.662254866166062,4.67911166864545,4.677119160779039,4.669687013472551
2011-02-01,Train,4.60891991334835,4.598596185920584,4.603818063929307,4.669208866610013,4.6503413589290545,4.6270797114291815
2011-03-01,Train,4.54594710684872,4.5404857113186505,4.543977444646935,4.570764052209908,4.561855494241181,4.552916469444059
2011-04-01,Train,4.48854707330146,4.4856798930617146,4.486574759153139,4.494356139648806,4.491291360263858,4.488933059708498
2011-05-01,Train,4.43852566530343,4.436924143067734,4.43932666028019,4.450018515857659,4.4479568064864,4.443641733383296
2011-06-01,Train,4.39282827027096,4.394749321951581,4.394825916741909,4.393690187360495,4.3929354946046955,4.393880705673302
2011-07-01,Train,4.35652607858865,4.357663639930186,4.355992718663052,4.360010777127764,4.358123460213229,4.357058089438141
2011-08-01,Train,4.32375907760508,4.326548651256976,4.323699235016539,4.329197521784103,4.326684332211126,4.325191783613833
2011-09-01,Train,4.29892166595308,4.300194547265104,4.300232207671555,4.303710825883189,4.303972394955618,4.302102301313586
2011-10-01,Train,4.28040992559563,4.281047544136691,4.28352328761254,4.281872824130688,4.281879777116953,4.282701532364746
2011-11-01,Train,4.2646546367183,4.266182406521763,4.2669087136292285,4.261702325260927,4.261503584257119,4.264206148943173
2011-12-01,Train,4.25405618855527,4.254153867285229,4.254274122836136,4.252811334647875,4.252818493860268,4.253546308348201
2012-01-01,Train,4.24357580200736,4.244670900420731,4.248333231685517,4.243113926282476,4.244155667772389,4.246244449728952
2012-02-01,Train,4.23710767273286,4.237243150160742,4.2365350103160795,4.236341964438013,4.236357863416838,4.236446436866459
2012-03-01,Train,4.23229960010336,4.232197438897179,4.228855876149502,4.233084196001277,4.233055217109109,4.230955546629305
2012-04-01,Train,4.22954015499998,4.229295259289907,4.226847886116913,4.229829515099812,4.231173315965838,4.229010601041375
2012-05-01,Train,4.23050934955257,4.2280948607679845,4.229867978186666,4.229897891684554,4.229682426784871,4.229775202485769
2012-06-01,Train,4.2302085840961,4.228560135782809,4.232936215787762,4.230093540714114,4.230423203068425,4.231679709428094
2012-07-01,Train,4.23314157144661,4.22955134166269,4.232786657508168,4.232779136802335,4.2330099510042745,4.232898304256222
2012-08-01,Train,4.23524188980589,4.231858510536428,4.232138823247826,4.2352349760629195,4.235093304899213,4.233616064073519
2012-09-01,Train,4.23692764903678,4.233800593558767,4.234246728946046,4.236359804093926,4.236053023818077,4.235149876382063
2012-10-01,Train,4.23820420414099,4.235076078385779,4.234151786042852,4.237338335012659,4.238031251965199,4.236091519004026
2012-11-01,Train,4.23503501837605,4.2345298123784145,4.234719558962104,4.2348448910880645,4.234765497815004,4.234742528388554
2012-12-01,Train,4.23151442040098,4.230904634609579,4.230336194954874,4.231292924836298,4.23210939060965,4.231222792782263
2013-01-01,Train,4.22283014818127,4.224921859154517,4.224020138736127,4.223372029197921,4.22199060543434,4.223005372085233
2013-02-01,Train,4.21391807465601,4.21690711600281,4.215111582055083,4.21194998185633,4.212153244549787,4.213632413302435
2013-03-01,Train,4.20388975566324,4.208669498925836,4.208234312835273,4.204680769623632,4.204243527643187,4.2062389202392305
2013-04-01,Train,4.19297216081207,4.199225328502989,4.196847583361289,4.194028154150908,4.194292049661861,4.195569816511575
2013-05-01,Train,4.18528410386689,4.190726600568336,4.190853697100864,4.18447980617749,4.186480041672206,4.188666869386535
2013-06-01,Train,4.17560551186927,4.18254324733603,4.17592704862726,4.175707179072681,4.174551492689075,4.175239270658168
2013-07-01,Train,4.1688042949793,4.17537262981058,4.1755216231828545,4.165540038347253,4.166467679027822,4.170994651105338
2013-08-01,Train,4.1604462458963,4.168887000981579,4.166486182297059,4.158393934873898,4.159228008190019,4.162857095243539
2013-09-01,Train,4.15148317388561,4.160422402130271,4.158458394350796,4.147410310673008,4.149340571471892,4.153899482911344
2013-10-01,Train,4.14157432842587,4.1514500936134775,4.150735548425322,4.139304046089732,4.140311730430884,4.145523639428103
2013-11-01,Train,4.1266893564114,4.1408605204683315,4.138629732743483,4.12649708373138,4.126518746547041,4.132574239645262
2013-12-01,Train,4.11092049410095,4.1266375963763515,4.122333866144762,4.112288847132238,4.109487474307698,4.1159106702262305
2014-01-01,Train,4.08872606590609,4.109352275734766,4.101466240571937,4.090907138568282,4.090242582848493,4.0958544117102145
2014-02-01,Train,4.06522805020227,4.088204951111126,4.078968412253061,4.0706317493792925,4.070487441264257,4.0747279267586585
2014-03-01,Train,4.03949587174315,4.066334084546211,4.058566149891305,4.0404399583822705,4.039177265359793,4.0488717076255485
2014-04-01,Train,4.01284482884095,4.041782002669361,4.031427100652638,4.013609281157173,4.012063989957297,4.0217455453049675
2014-05-01,Train,3.98909111508688,4.019267793725545,4.009595630392668,3.9934054604700604,3.9939846115803994,4.001790120986533
2014-06-01,Train,3.96328037447491,3.9968525949310676,3.985282997371588,3.9674592464741987,3.963559847261769,3.974421422316679
2014-07-01,Train,3.94052088383589,3.9747771832475864,3.965056586966565,3.9446802730843737,3.9434712642653555,3.9542639256159604
2014-08-01,Train,3.91621293823112,3.9536021750585104,3.941381389428154,3.919068173520614,3.9184746180310204,3.9299280037295876
2014-09-01,Train,3.89218602065,3.931654341195322,3.9179246763464035,3.8972122960061313,3.8963806883096894,3.9071526823280465
2014-10-01,Train,3.87051763191702,3.9109530660273704,3.8992784782904764,3.8737953022330807,3.872083564196643,3.8856810212435597
2014-11-01,Train,3.84724865542533,3.890639785864984,3.877252992181919,3.8526363059677404,3.851793575758703,3.864523283970311
2014-12-01,Train,3.82790171815421,3.871417598931169,3.8578159909753804,3.834269524079151,3.834763990525307,3.846289990750344
2015-01-01,Train,3.80714408377315,3.8536727724214206,3.8402927238637865,3.81082427020518,3.8095720800031945,3.82493240193349
2015-02-01,Train,3.78927463671145,3.8356604911743304,3.81898352732269,3.7900511656045657,3.7904106152610297,3.80469707129186
2015-03-01,Train,3.77523608161888,3.821702890730224,3.804035116627011,3.779034958108408,3.777740524655003,3.7908878206410073
2015-04-01,Train,3.76533119287938,3.810524463861265,3.7955324740369325,3.7696404324346853,3.7696048745131754,3.7825686742750535
2015-05-01,Train,3.76512416536572,3.8067643628741097,3.788562126725632,3.769116743021447,3.7677310796993275,3.77814660321248
2015-06-01,Train,3.76951582922701,3.8089465893557026,3.7931195798276387,3.772045053087841,3.7707150108985483,3.7819172953630935
2015-07-01,Train,3.78355237727957,3.81774786556658,3.8080225054415515,3.7837279383579916,3.782771668065303,3.7953970867534275
2015-08-01,Train,3.8009207061272,3.8320877347037063,3.8215747922194843,3.7977562541719116,3.7977819220962137,3.8096783571578485
2015-09-01,Train,3.82207590614213,3.8501986234659347,3.839239149096508,3.817100286210442,3.818297656415503,3.828768402756006
2015-10-01,Train,3.84439454538246,3.8696730197874514,3.863100207448039,3.837761374953179,3.839322896599404,3.851211552023722
2015-11-01,Train,3.86455168830007,3.8881794348738565,3.8798110677130246,3.86208537455063,3.8640997562334047,3.8719554119732145
2015-12-01,Train,3.88533500550669,3.9070951397729736,3.9016337745784058,3.881111725383626,3.8823241336425216,3.891978954110464
2016-01-01,Train,3.89991464735495,3.9231422406293,3.914784431862588,3.8924934330795997,3.8941264604749115,3.90445544616875
2016-02-01,Train,3.91281108606244,3.9353905329265446,3.9276581424926165,3.91032836532119,3.911143170234307,3.9194006563634622
2016-03-01,Train,3.92025339412763,3.944876666778712,3.93682096441434,3.9205612099267935,3.919691893597923,3.9282564290061317
2016-04-01,Train,3.92294534854105,3.9483814259890195,3.94250021643249,3.92173788553506,3.9218585589276054,3.9321793876800477
2016-05-01,Train,3.92353808832088,3.949595367811791,3.9372932408443355,3.920826492755321,3.9218452392113625,3.929569240027849
2016-06-01,Train,3.91950761329381,3.948443157719462,3.9387512935388798,3.918642403041772,3.919243448682036,3.9289973711104573
2016-07-01,Train,3.91491428211992,3.9449592532218962,3.9328593859080185,3.9155627389576053,3.9153146612470966,3.9240870235775573
2016-08-01,Train,3.90781955632945,3.9381588953569775,3.925467974401826,3.9065630869904773,3.906635243078543,3.9160516087401844
2016-09-01,Train,3.89920821237423,3.9317981851965977,3.916897962742255,3.900283723834794,3.900037116678691,3.908467539710473
2016-10-01,Train,3.88892902593503,3.9230749250291757,3.909663268475677,3.891045893742806,3.8902079209653575,3.8999355947205174
2016-11-01,Train,3.87530781849648,3.912389178497657,3.9006506052835968,3.8773717802294794,3.875740138057951,3.888195371670774
2016-12-01,Train,3.86096664300371,3.89985140317207,3.8871813163859312,3.8630268118680346,3.8618067246577206,3.8744940205218263
2017-01-01,Train,3.84324764051008,3.8845701396320367,3.87252532644807,3.847790523160265,3.847107036508946,3.8598161814785077
2017-02-01,Train,3.82524562155944,3.8684803184197736,3.8536942460976307,3.830415422546279,3.828983326472868,3.8413387862852493
2017-03-01,Train,3.80670971132832,3.8514606087904646,3.8368857158281084,3.8109289834884574,3.8106788921567207,3.8237823039924144
2017-04-01,Train,3.78857954866887,3.835505195059267,3.819368645319054,3.790556731212079,3.790733770137378,3.8050512077282157
2017-05-01,Train,3.77322854216411,3.82038304265072,3.8050950934517798,3.7774411010312274,3.7756167975333716,3.790355945492576
2017-06-01,Train,3.75863542323855,3.8064469902208824,3.792675151077598,3.7585899142630055,3.758378281268459,3.775526716173028
2017-07-01,Train,3.74770378040711,3.795582932154161,3.7800547915003797,3.7494627916346603,3.747857635094006,3.763956213297193
2017-08-01,Train,3.73763585647349,3.786348173899943,3.7674063307076877,3.740050795706111,3.7389803146497713,3.7531933226787295
2017-09-01,Train,3.73015818977674,3.7783332892104204,3.7617243857300404,3.7315652061746762,3.730712145881908,3.746218265805974
2017-10-01,Train,3.72518201256402,3.7724995964234624,3.759893531071082,3.7261195913379805,3.725677774770747,3.7427856529209147
2017-11-01,Train,3.72087633576614,3.76784093541987,3.7537123590862755,3.722610063962287,3.722193302986913,3.7379528310365946
2017-12-01,Train,3.71844314912355,3.7652208154760203,3.7519627132634708,3.7187325535910567,3.718289420807505,3.735126067035488
2018-01-01,Train,3.71520181927011,3.7628715213695636,3.749565180216479,3.715580136292599,3.715209535805025,3.7323873580107523
2018-02-01,Train,3.71254683351992,3.7603048013673392,3.743958481909217,3.7127897306080335,3.7123436710763045,3.7281510764927606
2018-03-01,Train,3.70993249882867,3.757555981762353,3.7413950563138942,3.7100396136732634,3.710804128104767,3.72609959220933
2018-04-01,Train,3.70783951688464,3.7557118817192374,3.7404438643395532,3.708865030644038,3.708984252255199,3.724714058297376
2018-05-01,Train,3.70731388120512,3.754546772178587,3.7387815366156154,3.7079840711418104,3.7083705234496533,3.723576030032634
2018-06-01,Train,3.7070127097667,3.7542320605270163,3.7364883519691907,3.707649170926392,3.7083351217752933,3.722411736872242
2018-07-01,Train,3.7085249107295,3.7550209650358815,3.741620367145137,3.709264075782567,3.7096703540429554,3.7256453605940467
2018-08-01,Train,3.71035268474274,3.756117050679777,3.7398759443346172,3.7112823537665163,3.711692727385698,3.725784335860158
2018-09-01,Train,3.71280166828595,3.7581605955434085,3.742350664180142,3.7129130630043257,3.7135901295434928,3.727970396861817
2018-10-01,Train,3.71585929330642,3.760944714848596,3.7473959693305066,3.71599719421665,3.7161302843557276,3.731763126843117
2018-11-01,Train,3.71869724450342,3.7634767371686,3.748554154355227,3.7193632958119345,3.719439928694024,3.7339970415246255
2018-12-01,Train,3.72168865925098,3.766047628078711,3.750769888794293,3.721234700948926,3.7215082203616308,3.7361390545779614
2019-01-01,Train,3.72337918562744,3.7683410857211443,3.7536285220962964,3.723340532434541,3.7234983360593517,3.7385634290778236
2019-02-01,Train,3.72502998119454,3.7697111695509706,3.7537702072733032,3.724872167636929,3.72461251566672,3.7391913614700116
2019-03-01,Train,3.7259466407893,3.770671298436993,3.7543761896653174,3.725324067357521,3.725707684758511,3.7400419372119145
2019-04-01,Train,3.72691647519058,3.7714940450203533,3.753624793300505,3.726619991617337,3.727628004940142,3.7406263991203232
2019-05-01,Train,3.72863096951623,3.7733637654752745,3.7597027457128616,3.728808655979338,3.728432784005795,3.7440677648593286
2019-06-01,Train,3.72970293493347,3.7741285065655203,3.762378150374964,3.7298276714177834,3.7299640346482072,3.746171092511586
2019-07-01,Train,3.73139237742692,3.7754089865601648,3.7628100036113135,3.731586837661048,3.7311020466649034,3.746956025138108
2019-08-01,Train,3.73460888872938,3.7775619303712054,3.7669906609032786,3.7333592389692978,3.733928415774494,3.750459538338886
2019-09-01,Train,3.73953615242445,3.781676309609642,3.77036877934492,3.739556468147548,3.739905234287987,3.755137006816454
2019-10-01,Train,3.75254387915223,3.790025111985358,3.7766561489406922,3.749826603647519,3.749581907259208,3.76311902809995
2019-11-01,Train,3.7720389245313,3.8049267577401658,3.7919580547463236,3.7712516182947793,3.772563051995584,3.7822605533709535
2019-12-01,Train,3.79203537086416,3.823070317965364,3.810237272103059,3.7910470007676897,3.79099226193282,3.8006147670179398
2020-01-01,Train,3.81561502071261,3.8427904263288513,3.828271513671183,3.810736414488601,3.8116391617867795,3.8199553377289814
2020-02-01,Train,3.83192042611088,3.8607506081576473,3.8498815718725337,3.825939544494143,3.8264178350375637,3.838149703455049
2020-03-01,Train,3.8450221157914,3.874203208035973,3.865095586194347,3.840428126150874,3.8413885371631373,3.853242061678742
2020-04-01,Train,3.85461198098563,3.883615130555625,3.8764276727034885,3.8536274905491235,3.854700479600941,3.8655640761522143
2020-05-01,Train,3.85737348879571,3.889318880497001,3.8782813712871254,3.8569802278929877,3.8572641281787177,3.8677727497329215
2020-06-01,Train,3.86213783961225,3.8923223004639307,3.883454132066035,3.8604215218937936,3.8608847985721404,3.8721694653190877
2020-07-01,Train,3.85819986535514,3.892873804027838,3.880742009739773,3.8606940737365023,3.8599181429306344,3.870330076335204
2020-08-01,Test,3.85149796628801,3.8893162519907896,3.8765103517242365,3.8592958927366112,3.8615047551183506,3.869007553421293
2020-09-01,Test,3.83819662683323,3.878587376666116,3.865863397934668,3.8483501589763796,3.856498976891474,3.8611811874130715
2020-10-01,Test,3.82673211994726,3.857858709341377,3.8511389898428376,3.825215355830232,3.829984365110453,3.8405616774766447
2020-11-01,Test,3.82500982900551,3.84961123672739,3.839696765188196,3.809970408675183,3.815083850233695,3.8273903077109455
2020-12-01,Test,3.83810817862267,3.853481526466113,3.833560484665932,3.8142778561433017,3.813014801364283,3.823287643015107
2021-01-01,Test,3.87321483677276,3.8799374242885776,3.847219367667179,3.8451586222110237,3.823766089260426,3.835492728463803
2021-02-01,Test,3.90502420511529,3.9199739644174425,3.8856927555780096,3.8805861079161414,3.854769342714905,3.8702310491464575
2021-03-01,Test,3.94419126234634,3.9516965694744695,3.9151928725599667,3.9172431439795075,3.905144833183001,3.9101688528714837
2021-04-01,Test,3.96807111940523,3.9740365723235773,3.9486065699103516,3.9346805284219935,3.9147648512661335,3.931685710588243
2021-05-01,Test,3.98084803690078,3.9863987936093173,3.966405562850218,3.9588040507588858,3.9481286555588375,3.9572671092045275
2021-06-01,Test,3.99274221329197,3.9893604189377845,3.9795098391049812,3.9646992577473714,3.9663873017721296,3.972948570438555
2021-07-01,Test,3.98430604219706,3.9960239351333873,3.9786366415297874,3.966338776938308,3.958299481654826,3.9684680615923065
2021-08-01,Test,3.98181039096972,3.9894346250186636,3.9739321844317783,3.964662622133516,3.95229670258963,3.9631144435107046
2021-09-01,Test,3.9588275038149,3.9857522566385155,3.966195784896533,3.959650643888362,3.94964622309023,3.957921003993381
2021-10-01,Test,3.92627299987253,3.9570936586156744,3.943572100715668,3.9358474140798774,3.937890550894758,3.940731325805213
2021-11-01,Test,3.8869282449396,3.917860797768598,3.904409468706284,3.8796836828993446,3.8970487642982996,3.900729116502292
2021-12-01,Test,3.82874223838665,3.868662466327361,3.8672271504529085,3.8290040256903515,3.868549221709857,3.8678881860813825
2022-01-01,Test,3.782816083683,3.8174505227738793,3.814509745221391,3.778325024685973,3.809873373360917,3.8121915592911537
2022-02-01,Test,3.74015497811154,3.74447411926666,3.7608600620652815,3.7124994099331836,3.780754817829376,3.7708074399473284
2022-03-01,Test,3.70986143519895,3.7169467733925265,3.7223377449296478,3.6898043816370283,3.7631547412060047,3.742746243067826
2022-04-01,Test,3.69282919656825,3.6979026819296714,3.6987591814017033,3.6790770165243623,3.7487769479075372,3.7237680646546205
2022-05-01,Test,3.67883610429692,3.6763641622421996,3.6865745670551937,3.6645956205102443,3.7477593580316655,3.717166962543429
2022-06-01,Test,3.67003306977609,3.6695190749840156,3.6847751698886726,3.66376365872409,3.7496717949267993,3.717223482407736
2022-07-01,Test,3.66031610879762,3.64587358730629,3.675470314353536,3.6453700629377934,3.7488955372922743,3.7121829258229053
2022-08-01,Test,3.65061337975014,3.6330072111927407,3.669667307741316,3.634505040125376,3.749296607844038,3.709481957792677
2022-09-01,Test,3.63954981295878,3.637221251749514,3.675778713221207,3.6441225978523883,3.749179066266748,3.7124788897439776
2022-10-01,Test,3.62635363836285,3.617600326023521,3.674300997037888,3.631334763140913,3.751454366353681,3.7128776816957845
2022-11-01,Test,3.61295709029925,3.6036620536233137,3.6615365127989787,3.622506963576275,3.751839588482072,3.706688050640525
2022-12-01,Test,3.59706526292534,3.5846391321956346,3.6366450080803943,3.606475071473552,3.7482092358481274,3.692427121964261
2023-01-01,Test,3.58027766176549,3.576030758517331,3.6332617907942946,3.6029467373899897,3.7475422934930394,3.690402042143667
2023-02-01,Test,3.56331882922248,3.5649667682201827,3.6080435655973666,3.6002431653839952,3.748708420307348,3.6783759929523576
2023-03-01,Test,3.54426705481463,3.5580425769333255,3.599844679398558,3.599131283843339,3.746641473296515,3.673243076347537
2023-04-01,Test,3.52565172491629,3.5409283372478235,3.5860529358857405,3.589780739687427,3.7468391623515154,3.666446049118628
2023-05-01,Test,3.5060764639524,3.525967476166225,3.5742353647866083,3.58280119129625,3.7486102282072,3.661422796496904
2023-06-01,Test,3.48730391356402,3.49971587594879,3.56068221714145,3.566472934198689,3.7487243159891714,3.6547032665653103
2023-07-01,Test,3.46962111949066,3.4849706236990547,3.535392082731484,3.5572504421554196,3.7483994060806403,3.6418957444060625
2023-08-01,Test,3.45303578532039,3.4653974489530692,3.5137921903715252,3.5447734542707616,3.7473393343063983,3.630565762338962
2023-09-01,Test,3.43921336031213,3.458625714630789,3.5072787567336796,3.545470009748974,3.750638791941878,3.6289587743377787
2023-10-01,Test,3.42629759698723,3.4454745569599323,3.4980246889026128,3.538741789921866,3.7499240694306173,3.623974379166615
2023-11-01,Test,3.41719527929989,3.4304012488215974,3.49031854573672,3.529669356313878,3.750923448395399,3.620620997066059
2023-12-01,Test,3.40918972421701,3.420362043258612,3.479794052433807,3.5230231327880297,3.750082467251238,3.614938259842523
2024-01-01,Test,3.40235405846416,3.414869130836225,3.4637312474383255,3.5199795752089162,3.749101774823066,3.606416511130696
2024-02-01,Test,3.39704451180914,3.4195118920007737,3.4796092265882805,3.5288802356021756,3.749905494210392,3.6147573603993366
2024-03-01,Test,3.39110843280551,3.4152417878997925,3.458292813394459,3.526936420874762,3.753768571314049,3.606030692354254
2024-04-01,Test,3.38798076002378,3.4115121424018637,3.45679027793843,3.5223527752833816,3.7464183492666088,3.6016043136025195
2024-05-01,Test,3.38570910287728,3.4088524317495357,3.447113581960315,3.521516628665374,3.747840325585827,3.597476953773071
2024-06-01,Test,3.38375353354154,3.397742213751488,3.4501341036437636,3.5116616024229073,3.7481619638422434,3.599148033743003
2024-07-01,Test,3.38220496111748,3.398339461333329,3.4453802870629366,3.5124508786986737,3.74871920701869,3.5970497470408134
2024-08-01,Test,3.38005821810107,3.3885991968231126,3.4417769646262344,3.50418961169777,3.7478783669715803,3.5948276657989076
2024-09-01,Test,3.37804610771317,3.3977887692485096,3.432565470724853,3.514087080768247,3.7485374983824316,3.5905514845536426
2024-10-01,Test,3.37595810490004,3.391954429080326,3.4424898059324662,3.509149144516881,3.7482704175593162,3.5953801117458912
2024-11-01,Test,3.37395435685226,3.3828405291850725,3.440498574406064,3.5006347798733444,3.747499619731767,3.5939990970689153
2024-12-01,Test,3.37220743630375,3.380484533288687,3.441324956876604,3.499169899553979,3.747421892684727,3.5943734247806653
